0,1,2,3
231-003-0002,Cosmo Air Leak Tester LS-1840H15,"('Cosmo', 'Air Leak Tester', 'LS-1840H15')",No price listings for average
031-001-0705,Denso Robot Controller RC5-AM6B-BN,"('Denso', 'Robot Controller', 'RC5-AM6B-BN')",No price listings for average
MFG-000-2141,Mitsubishi Graphic Operation Terminal GT1562-VNBA,"('Mitsubishi', 'Graphic Operation Terminal', 'GT1562-VNBA')",No price listings for average
MFG-000-2143,Allen Bradley Operator Interface 2711-B6C20,"('Allen Bradley', 'Operator Interface', '2711-B6C20')",$300.83
MFG-000-2145,Eclipse Manual Reset Shut-Off Valve 206LI-1S-3,"('Eclipse', 'Manual Reset Shut-Off Valve', '206LI-1S-3')",No price listings for average
005-022-0003,Star Relay Output Module / PCB IL401,"('Star', 'Relay Output Module / PCB', 'IL401')",No price listings for average
MFG-000-2147,Penn Pressure Control Switch High Pressure All-Range,"('Penn', 'Pressure Control Switch', 'High Pressure All-Range')",No price listings for average
MFG-000-2148,Norgren Electronic Pressure Switch 33D (0863214 Ver. B),"('Norgren', 'Electronic Pressure Switch', '33D (0863214 Ver. B)')",No price listings for average
MFG-000-2150,SMC Clutch Pressure Switch PSP-230CB-X1,"('SMC', 'Clutch Pressure Switch', 'PSP-230CB-X1')",No price listings for average
008-005-0404,IFM Photoelectric Sensor OGE-HB0A/LS-100,"('IFM', 'Photoelectric Sensor', 'OGE-HB0A/LS-100')",No price listings for average
MFG-000-2151,IFM Laser Photoelectric Sensor OGELFNKG/V4A/US,"('IFM', 'Laser Photoelectric Sensor', 'OGELFNKG/V4A/US')",No price listings for average
MFG-000-2152,IFM Photoelectric Sensor OG0030 (OGS-00OALS-100),"('IFM', 'Photoelectric Sensor', 'OG0030 (OGS-00OALS-100)')",No price listings for average
MFG-000-2153,Sanwa Denki Pressure Switch SPS-8T,"('Sanwa Denki', 'Pressure Switch', 'SPS-8T')",$218.95
MFG-000-2154,IDEC Key Selector Switch ASN3K11-RA,"('IDEC', 'Key Selector Switch', 'ASN3K11-RA')",No price listings for average
MFG-000-2156,Honeywell Gas Pressure Switch 81408276-004-06,"('Honeywell', 'Gas Pressure Switch', '81408276-004-06')",No price listings for average
MFG-000-2158,Sharp - FLQ05416-BPAA,"('Sharp', '-', 'FLQ05416-BPAA')",No price listings for average
MFG-000-2159,SMC Pressure Switch ISG120-030-X3,"('SMC', 'Pressure Switch', 'ISG120-030-X3')",No price listings for average
MFG-000-2161,Kuroda Air Line Filter F02W-02,"('Kuroda', 'Air Line Filter', 'F02W-02')",No price listings for average
MFG-000-2162,  Hazardous Location Indicator Light Type 4.13,"(' ', 'Hazardous Location Indicator Light', 'Type 4.13')",No price listings for average
MFG-000-2164,IFM Photoelectric Sensor OT5010 OTE-FNKG/US,"('IFM', 'Photoelectric Sensor', 'OT5010 OTE-FNKG/US')",No price listings for average
085-012-0135,Accu Coder Rotary Encoder 711-0024-S-S-S-S-6-G10-00-N,"('Accu Coder', 'Rotary Encoder', '711-0024-S-S-S-S-6-G10-00-N')",No price listings for average
008-005-0385,Banner Engineering Photo Sensor SMW915DSR,"('Banner Engineering', 'Photo Sensor', 'SMW915DSR')",No price listings for average
008-002-0145,Taiyo Reed Switch BR255,"('Taiyo', 'Reed Switch', 'BR255')",No price listings for average
008-002-0108,CKD Auto Switch 200MA/24VDC,"('CKD', 'Auto Switch', '200MA/24VDC')",No price listings for average
008-002-0138,CKD Auto Switch 89810,"('CKD', 'Auto Switch', '89810')",No price listings for average
008-003-0195,  Pressure Sensor KPM11R34M5112-H01,"(' ', 'Pressure Sensor', 'KPM11R34M5112-H01')",No price listings for average
008-005-0358,Banner Photo Sensor SMA31EQD,"('Banner', 'Photo Sensor', 'SMA31EQD')",No price listings for average
008-002-0083,PHD Auto Switch ###############################################################################################################################################################################################################################################################,"('PHD', 'Auto Switch', '###############################################################################################################################################################################################################################################################')",No price listings for average
MFG-000-2166,Cosmo Air Leak Tester Manual Kit LS-R900,"('Cosmo', 'Air Leak Tester Manual Kit', 'LS-R900')",No price listings for average
MFG-000-2167,Omron Connector Block XM2S-37,"('Omron', 'Connector Block', 'XM2S-37')",$46.48
008-005-0418,IFM Photo Sensor OJ5036,"('IFM', 'Photo Sensor', 'OJ5036')",$248.39
008-005-0222,IFM Photo Sensor OT5011 OTR-FPKG,"('IFM', 'Photo Sensor', 'OT5011 OTR-FPKG')",$42.05
008-003-0075,  Pressure Switch 632-02858-01,"(' ', 'Pressure Switch', '632-02858-01')",No price listings for average
008-002-0133,Parker Auto Switch SMD-1LC,"('Parker', 'Auto Switch', 'SMD-1LC')",No price listings for average
MFG-000-2172,Omron Pushbutton Switch A3SA-708,"('Omron', 'Pushbutton Switch', 'A3SA-708')",No price listings for average
MFG-000-2173,Humphrey Proximity Sensor CS4MB,"('Humphrey', 'Proximity Sensor', 'CS4MB')",No price listings for average
MFG-000-2176,Taco Pressure Sensor NPS-030-10,"('Taco', 'Pressure Sensor', 'NPS-030-10')",No price listings for average
005-025-0048,Nissei Glass Protector 09525KX0919-11,"('Nissei', 'Glass Protector', '09525KX0919-11')",No price listings for average
008-002-0135,SMC Auto Switch Mount BA70404,"('SMC', 'Auto Switch Mount', 'BA70404')",No price listings for average
008-012-0010,IFM Angle Bracket E20461,"('IFM', 'Angle Bracket', 'E20461')",No price listings for average
217-001-0277,  Knife Fly Set 406.13290.04-REPAIR,"(' ', 'Knife Fly Set', '406.13290.04-REPAIR')",No price listings for average
